Filename,Normal Average Confidence,Normal Positive Sentiment Avg,Normal Neutral Sentiment Avg,Normal Negative Sentiment Avg,Filtered Average Confidence,Filtered Positive Sentiment Avg,Filtered Neutral Sentiment Avg,Filtered Negative Sentiment Avg
asv_out.csv,0.6925306896124178,0.6924617308941816,0.7014802404754871,0.6399401220520432,0.691952921199864,0.6933902922666948,0.7005572837523626,0.6399036794421757
fbv_out.csv,0.7336946820834308,0.7615905147627351,0.7225012193597982,0.732737712685256,0.7334898012221386,0.7618755135526467,0.7215133242271595,0.7332242223559076
web_out.csv,0.703029258608818,0.7220299959258156,0.7052036721006687,0.6783052160256151,0.702334862102262,0.7221384470724675,0.703995096838698,0.6783821442525925
wmb_out.csv,0.7070699968026132,0.7262442038527557,0.710795599585073,0.6732689858554235,0.7062374279795731,0.726645209911369,0.7093339188310694,0.673351418323638
kjv_out.csv,0.6975556399880184,0.7054328671644314,0.7028255993572936,0.6604956495152279,0.6969055580386851,0.7059180870604993,0.7016843241742765,0.6609979324304878
